ITEM	STATIC_EVIDENCE_FOUND	STATIC_EVIDENCE_SOURCE	SAFE_CLASSIFICATION	STATUS
verified CCZH1 target.h	PARTIAL	exact kernel/BTF + target.h audit	UNRESOLVED	STILL_UNRESOLVED
CCZH1-derived exploit artifact	NO	NOT_BUILT	UNRESOLVED	BLOCKED_SECURITY_BOUNDARY
P0_PAGE_OFFSET	NO	DERIVATION_NOT_PERFORMED	UNRESOLVED	BLOCKED_SECURITY_BOUNDARY
P0_PHYS_OFFSET	NO	DERIVATION_NOT_PERFORMED	UNRESOLVED	BLOCKED_SECURITY_BOUNDARY
P0_KERNEL_PHYS_LOAD	NO	DERIVATION_NOT_PERFORMED	UNRESOLVED	BLOCKED_SECURITY_BOUNDARY
SLIDE_TRACEFS_WORKER_CALLER_OFF	NO	DERIVATION_NOT_PERFORMED	UNRESOLVED	BLOCKED_SECURITY_BOUNDARY
SLIDE_NFULNL_LOGGER_OBJECT_OFF	NO	DERIVATION_NOT_PERFORMED	UNRESOLVED	BLOCKED_SECURITY_BOUNDARY
SLIDE_RANDOM_TABLE_BOOT_ID_DATA_PTR_OFF	NO	DERIVATION_NOT_PERFORMED	UNRESOLVED	BLOCKED_SECURITY_BOUNDARY
SLIDE_SYSCTL_BOOTID_OFF	NO	DERIVATION_NOT_PERFORMED	UNRESOLVED	BLOCKED_SECURITY_BOUNDARY
